game_id,game_date,home_team_id,away_team_id
1,2024-10-22,BOS,NYK
2,2024-10-22,LAL,MIN
3,2024-10-23,ATL,BRK
4,2024-10-23,DET,IND
5,2024-10-23,HOU,CHO
6,2024-10-23,LAC,PHO
7,2024-10-23,MIA,ORL
8,2024-10-23,NOP,CHI
9,2024-10-23,PHI,MIL
10,2024-10-23,POR,GSW
11,2024-10-23,TOR,CLE
12,2024-10-23,UTA,MEM
13,2024-10-24,DAL,SAS
14,2024-10-24,DEN,OKC
15,2024-10-24,SAC,MIN
16,2024-10-24,WAS,BOS
17,2024-10-25,ATL,CHO
18,2024-10-25,CLE,DET
19,2024-10-25,HOU,MEM
20,2024-10-25,LAL,PHO
21,2024-10-25,MIL,CHI
22,2024-10-25,NYK,IND
23,2024-10-25,ORL,BRK
24,2024-10-25,POR,NOP
25,2024-10-25,TOR,PHI
26,2024-10-25,UTA,GSW
27,2024-10-26,CHI,OKC
28,2024-10-26,CHO,MIA
29,2024-10-26,DEN,LAC
30,2024-10-26,DET,BOS
31,2024-10-26,LAL,SAC
32,2024-10-26,MEM,ORL
33,2024-10-26,MIN,TOR
34,2024-10-26,PHO,DAL
35,2024-10-26,SAS,HOU
36,2024-10-26,WAS,CLE
37,2024-10-27,BRK,MIL
38,2024-10-27,GSW,LAC
39,2024-10-27,IND,PHI
40,2024-10-27,OKC,ATL
41,2024-10-27,POR,NOP
42,2024-10-28,ATL,WAS
43,2024-10-28,BOS,MIL
44,2024-10-28,DAL,UTA
45,2024-10-28,MEM,CHI
46,2024-10-28,MIA,DET
47,2024-10-28,NYK,CLE
48,2024-10-28,ORL,IND
49,2024-10-28,PHO,LAL
50,2024-10-28,SAC,POR
51,2024-10-28,SAS,HOU
52,2024-10-28,TOR,DEN
53,2024-10-29,BRK,DEN
54,2024-10-29,GSW,NOP
55,2024-10-29,MIN,DAL
56,2024-10-29,UTA,SAC
57,2024-10-30,CHI,ORL
58,2024-10-30,CHO,TOR
59,2024-10-30,CLE,LAL
60,2024-10-30,GSW,NOP
61,2024-10-30,IND,BOS
62,2024-10-30,LAC,POR
63,2024-10-30,MEM,BRK
64,2024-10-30,MIA,NYK
65,2024-10-30,OKC,SAS
66,2024-10-30,PHI,DET
67,2024-10-30,WAS,ATL
68,2024-10-31,DAL,HOU
69,2024-10-31,LAC,PHO
70,2024-10-31,MEM,MIL
71,2024-10-31,UTA,SAS
72,2024-11-01,ATL,SAC
73,2024-11-01,BRK,CHI
74,2024-11-01,CHO,BOS
75,2024-11-01,CLE,ORL
76,2024-11-01,DET,NYK
77,2024-11-01,MIN,DEN
78,2024-11-01,NOP,IND
79,2024-11-01,POR,OKC
80,2024-11-01,TOR,LAL
81,2024-11-02,CHO,BOS
82,2024-11-02,DEN,UTA
83,2024-11-02,HOU,GSW
84,2024-11-02,LAC,OKC
85,2024-11-02,MIL,CLE
86,2024-11-02,PHI,MEM
87,2024-11-02,PHO,POR
88,2024-11-02,SAS,MIN
89,2024-11-02,TOR,SAC
90,2024-11-02,WAS,MIA
91,2024-11-03,BRK,DET
92,2024-11-03,DAL,ORL
93,2024-11-03,NOP,ATL
94,2024-11-04,ATL,BOS
95,2024-11-04,BRK,MEM
96,2024-11-04,CHI,UTA
97,2024-11-04,CLE,MIL
98,2024-11-04,DAL,IND
99,2024-11-04,DEN,TOR
100,2024-11-04,DET,LAL
101,2024-11-04,HOU,NYK
102,2024-11-04,LAC,SAS
103,2024-11-04,MIA,SAC
104,2024-11-04,MIN,CHO
105,2024-11-04,NOP,POR
106,2024-11-04,OKC,ORL
107,2024-11-04,PHO,PHI
108,2024-11-04,WAS,GSW
109,2024-11-06,ATL,NYK
110,2024-11-06,BOS,GSW
111,2024-11-06,CHO,DET
112,2024-11-06,DAL,CHI
113,2024-11-06,DEN,OKC
114,2024-11-06,HOU,SAS
115,2024-11-06,IND,ORL
116,2024-11-06,LAC,PHI
117,2024-11-06,MEM,LAL
118,2024-11-06,NOP,CLE
119,2024-11-06,PHO,MIA
120,2024-11-06,SAC,TOR
121,2024-11-07,CHI,MIN
122,2024-11-07,MIL,UTA
123,2024-11-07,SAS,POR
124,2024-11-08,BOS,BRK
125,2024-11-08,CHO,IND
126,2024-11-08,CLE,GSW
127,2024-11-08,DAL,PHO
128,2024-11-08,DEN,MIA
129,2024-11-08,DET,ATL
130,2024-11-08,LAL,PHI
131,2024-11-08,MEM,WAS
132,2024-11-08,MIN,POR
133,2024-11-08,NYK,MIL
134,2024-11-08,OKC,HOU
135,2024-11-08,ORL,NOP
136,2024-11-08,SAC,LAC
137,2024-11-09,ATL,CHI
138,2024-11-09,CLE,BRK
139,2024-11-09,LAC,TOR
140,2024-11-09,SAS,UTA
141,2024-11-10,DEN,DAL
142,2024-11-10,DET,HOU
143,2024-11-10,IND,NYK
144,2024-11-10,LAL,TOR
145,2024-11-10,MIL,BOS
146,2024-11-10,MIN,MIA
147,2024-11-10,OKC,GSW
148,2024-11-10,ORL,WAS
149,2024-11-10,PHI,CHO
150,2024-11-10,PHO,SAC
151,2024-11-10,POR,MEM
152,2024-11-11,CHI,CLE
153,2024-11-11,HOU,WAS
154,2024-11-11,NOP,BRK
155,2024-11-11,OKC,LAC
156,2024-11-11,SAS,SAC
157,2024-11-12,BOS,ATL
158,2024-11-12,DET,MIA
159,2024-11-12,GSW,DAL
160,2024-11-12,MIL,TOR
161,2024-11-12,ORL,CHO
162,2024-11-12,PHI,NYK
163,2024-11-12,POR,MIN
164,2024-11-12,UTA,PHO
165,2024-11-13,BRK,BOS
166,2024-11-13,HOU,LAC
167,2024-11-13,LAL,MEM
168,2024-11-13,MIL,DET
169,2024-11-13,NYK,CHI
170,2024-11-13,OKC,NOP
171,2024-11-13,ORL,IND
172,2024-11-13,PHI,CLE
173,2024-11-13,POR,MIN
174,2024-11-13,SAC,PHO
175,2024-11-13,SAS,WAS
176,2024-11-14,UTA,DAL
177,2024-11-15,ATL,WAS
178,2024-11-15,CLE,CHI
179,2024-11-15,GSW,MEM
180,2024-11-15,HOU,LAC
181,2024-11-15,IND,MIA
182,2024-11-15,NOP,DEN
183,2024-11-15,NYK,BRK
184,2024-11-15,OKC,PHO
185,2024-11-15,ORL,PHI
186,2024-11-15,SAC,MIN
187,2024-11-15,SAS,LAL
188,2024-11-15,TOR,DET
189,2024-11-16,BOS,TOR
190,2024-11-16,CHO,MIL
191,2024-11-16,DAL,SAS
192,2024-11-16,NOP,LAL
193,2024-11-16,SAC,UTA
194,2024-11-17,CHI,HOU
195,2024-11-17,CLE,CHO
196,2024-11-17,IND,MIA
197,2024-11-17,LAC,UTA
198,2024-11-17,MEM,DEN
199,2024-11-17,MIN,PHO
200,2024-11-17,NYK,BRK
201,2024-11-17,OKC,DAL
202,2024-11-17,POR,ATL
203,2024-11-17,WAS,DET
204,2024-11-18,DET,CHI
205,2024-11-18,LAC,GSW
206,2024-11-18,MIA,PHI
207,2024-11-18,MIL,HOU
208,2024-11-18,NYK,WAS
209,2024-11-18,PHO,ORL
210,2024-11-18,SAC,ATL
211,2024-11-18,TOR,IND
212,2024-11-19,BOS,CLE
213,2024-11-19,BRK,CHO
214,2024-11-19,DAL,NOP
215,2024-11-19,LAL,UTA
216,2024-11-19,MEM,DEN
217,2024-11-19,SAS,OKC
218,2024-11-20,CLE,NOP
219,2024-11-20,GSW,ATL
220,2024-11-20,HOU,IND
221,2024-11-20,LAC,ORL
222,2024-11-20,MEM,PHI
223,2024-11-20,MIL,CHI
224,2024-11-20,OKC,POR
225,2024-11-20,PHO,NYK
226,2024-11-21,CHO,DET
227,2024-11-21,LAL,ORL
228,2024-11-21,SAS,UTA
229,2024-11-21,TOR,MIN
230,2024-11-22,CHI,ATL
231,2024-11-22,DEN,DAL
232,2024-11-22,HOU,POR
233,2024-11-22,LAC,SAC
234,2024-11-22,MIL,IND
235,2024-11-22,NOP,GSW
236,2024-11-22,PHI,BRK
237,2024-11-22,WAS,BOS
238,2024-11-23,CHI,MEM
239,2024-11-23,HOU,POR
240,2024-11-23,LAL,DEN
241,2024-11-23,MIL,CHO
242,2024-11-23,ORL,DET
243,2024-11-23,SAS,GSW
244,2024-11-23,UTA,NYK
245,2024-11-24,BOS,MIN
246,2024-11-24,CLE,TOR
247,2024-11-24,IND,WAS
248,2024-11-24,MIA,DAL
249,2024-11-24,PHI,LAC
250,2024-11-24,SAC,BRK
251,2024-11-25,ATL,DAL
252,2024-11-25,BOS,LAC
253,2024-11-25,CHO,ORL
254,2024-11-25,DEN,NYK
255,2024-11-25,DET,TOR
256,2024-11-25,GSW,BRK
257,2024-11-25,IND,NOP
258,2024-11-25,MEM,POR
259,2024-11-25,SAC,OKC
260,2024-11-26,MIA,MIL
261,2024-11-26,MIN,HOU
262,2024-11-26,PHO,LAL
263,2024-11-26,UTA,SAS
264,2024-11-26,WAS,CHI
265,2024-11-27,CHO,MIA
266,2024-11-27,CLE,ATL
267,2024-11-27,DAL,NYK
268,2024-11-27,GSW,OKC
269,2024-11-27,IND,POR
270,2024-11-27,MEM,DET
271,2024-11-27,MIN,SAC
272,2024-11-27,NOP,TOR
273,2024-11-27,ORL,CHI
274,2024-11-27,PHI,HOU
275,2024-11-27,PHO,BRK
276,2024-11-27,SAS,LAL
277,2024-11-27,UTA,DEN
278,2024-11-27,WAS,LAC
279,2024-11-29,ATL,CLE
280,2024-11-29,BRK,ORL
281,2024-11-29,CHI,BOS
282,2024-11-29,CHO,NYK
283,2024-11-29,IND,DET
284,2024-11-29,LAL,OKC
285,2024-11-29,MEM,NOP
286,2024-11-29,MIA,TOR
287,2024-11-29,MIN,LAC
288,2024-11-29,POR,SAC
289,2024-11-30,CHO,ATL
290,2024-11-30,DET,PHI
291,2024-11-30,MIL,WAS
292,2024-11-30,PHO,GSW
293,2024-11-30,UTA,DAL
294,2024-12-01,BRK,ORL
295,2024-12-01,CLE,BOS
296,2024-12-01,HOU,OKC
297,2024-12-01,LAC,DEN
298,2024-12-01,MEM,IND
299,2024-12-01,NYK,NOP
300,2024-12-01,POR,DAL
301,2024-12-01,SAC,SAS
302,2024-12-01,TOR,MIA
303,2024-12-01,UTA,LAL
304,2024-12-02,ATL,NOP
305,2024-12-02,BOS,MIA
306,2024-12-02,CHI,BRK
307,2024-12-02,MIN,LAL
308,2024-12-03,CHO,PHI
309,2024-12-03,CLE,WAS
310,2024-12-03,DAL,MEM
311,2024-12-03,DEN,GSW
312,2024-12-03,DET,MIL
313,2024-12-03,LAC,POR
314,2024-12-03,NYK,ORL
315,2024-12-03,OKC,UTA
316,2024-12-03,PHO,SAS
317,2024-12-03,SAC,HOU
318,2024-12-03,TOR,IND
319,2024-12-04,BOS,DET
320,2024-12-04,BRK,IND
321,2024-12-04,LAC,MIN
322,2024-12-04,MIA,LAL
323,2024-12-04,MIL,ATL
324,2024-12-04,PHI,ORL
325,2024-12-05,CLE,DEN
326,2024-12-05,GSW,HOU
327,2024-12-05,MEM,SAC
328,2024-12-05,NOP,PHO
329,2024-12-05,NYK,CHO
330,2024-12-05,SAS,CHI
331,2024-12-05,TOR,OKC
332,2024-12-05,WAS,DAL
333,2024-12-06,ATL,LAL
334,2024-12-06,BOS,MIL
335,2024-12-06,CHI,IND
336,2024-12-06,GSW,MIN
337,2024-12-06,PHI,ORL
338,2024-12-06,POR,UTA
339,2024-12-06,SAS,SAC
340,2024-12-07,BOS,MEM
341,2024-12-07,CHO,CLE
342,2024-12-07,MIA,PHO
343,2024-12-07,NOP,OKC
344,2024-12-07,NYK,DET
345,2024-12-07,TOR,DAL
346,2024-12-07,WAS,DEN
347,2024-12-08,ATL,DEN
348,2024-12-08,BRK,MIL
349,2024-12-08,CHI,PHI
350,2024-12-08,GSW,MIN
351,2024-12-08,IND,CHO
352,2024-12-08,LAC,HOU
353,2024-12-08,LAL,POR
354,2024-12-08,MIA,CLE
355,2024-12-08,ORL,PHO
356,2024-12-08,SAC,UTA
357,2024-12-08,SAS,NOP
358,2024-12-08,WAS,MEM
359,2024-12-09,TOR,NYK
360,2024-12-10,MIL,ORL
361,2024-12-10,OKC,DAL
362,2024-12-11,HOU,GSW
363,2024-12-11,NYK,ATL
364,2024-12-12,BOS,DET
365,2024-12-12,MIA,TOR
366,2024-12-12,NOP,SAC
367,2024-12-13,CHI,CHO
368,2024-12-13,CLE,WAS
369,2024-12-13,DEN,LAC
370,2024-12-13,MEM,BRK
371,2024-12-13,MIN,LAL
372,2024-12-13,PHI,IND
373,2024-12-13,POR,SAS
374,2024-12-13,UTA,PHO
375,2024-12-14,MIL,ATL
376,2024-12-14,OKC,HOU
377,2024-12-15,GSW,DAL
378,2024-12-15,IND,NOP
379,2024-12-15,LAL,MEM
380,2024-12-15,ORL,NYK
381,2024-12-15,PHO,POR
382,2024-12-15,SAS,MIN
383,2024-12-15,WAS,BOS
384,2024-12-16,BRK,CLE
385,2024-12-16,CHO,PHI
386,2024-12-16,DET,MIA
387,2024-12-16,LAC,UTA
388,2024-12-16,SAC,DEN
389,2024-12-16,TOR,CHI
390,2024-12-17,OKC,MIL
391,2024-12-19,BOS,CHI
392,2024-12-19,DAL,LAC
393,2024-12-19,DET,UTA
394,2024-12-19,HOU,NOP
395,2024-12-19,MEM,GSW
396,2024-12-19,MIN,NYK
397,2024-12-19,ORL,OKC
398,2024-12-19,PHO,IND
399,2024-12-19,POR,DEN
400,2024-12-19,SAC,LAL
401,2024-12-19,SAS,ATL
402,2024-12-19,TOR,BRK
403,2024-12-19,WAS,CHO
404,2024-12-20,CLE,MIL
405,2024-12-20,MIA,OKC
406,2024-12-20,PHI,CHO
407,2024-12-21,ATL,MEM
408,2024-12-21,BRK,UTA
409,2024-12-21,CHI,BOS
410,2024-12-21,CLE,PHI
411,2024-12-21,DAL,LAC
412,2024-12-21,MIL,WAS
413,2024-12-21,MIN,GSW
414,2024-12-21,NOP,NYK
415,2024-12-21,ORL,MIA
416,2024-12-21,PHO,DET
417,2024-12-21,SAC,LAL
418,2024-12-21,SAS,POR
419,2024-12-22,NOP,DEN
420,2024-12-22,SAC,IND
421,2024-12-22,TOR,HOU
422,2024-12-23,ATL,MIN
423,2024-12-23,CHI,MIL
424,2024-12-23,CHO,HOU
425,2024-12-23,CLE,UTA
426,2024-12-23,DAL,POR
427,2024-12-23,DEN,PHO
428,2024-12-23,GSW,IND
429,2024-12-23,LAL,DET
430,2024-12-23,MEM,LAC
431,2024-12-23,MIA,BRK
432,2024-12-23,NYK,TOR
433,2024-12-23,OKC,WAS
434,2024-12-23,ORL,BOS
435,2024-12-23,PHI,SAS
436,2024-12-25,BOS,PHI
437,2024-12-25,DAL,MIN
438,2024-12-25,GSW,LAL
439,2024-12-25,NYK,SAS
440,2024-12-25,PHO,DEN
441,2024-12-26,ATL,CHI
442,2024-12-26,IND,OKC
443,2024-12-26,MEM,TOR
444,2024-12-26,MIL,BRK
445,2024-12-26,NOP,HOU
446,2024-12-26,ORL,MIA
447,2024-12-26,POR,UTA
448,2024-12-26,SAC,DET
449,2024-12-26,WAS,CHO
450,2024-12-27,BOS,IND
451,2024-12-27,BRK,SAS
452,2024-12-27,DEN,CLE
453,2024-12-27,HOU,MIN
454,2024-12-27,LAC,GSW
455,2024-12-27,NOP,MEM
456,2024-12-27,ORL,NYK
457,2024-12-27,PHO,DAL
458,2024-12-28,ATL,MIA
459,2024-12-28,CHI,MIL
460,2024-12-28,CHO,OKC
461,2024-12-28,DEN,DET
462,2024-12-28,GSW,PHO
463,2024-12-28,LAL,SAC
464,2024-12-28,POR,DAL
465,2024-12-28,UTA,PHI
466,2024-12-28,WAS,NYK
467,2024-12-29,BOS,IND
468,2024-12-29,HOU,MIA
469,2024-12-29,MIN,SAS
470,2024-12-29,OKC,MEM
471,2024-12-29,ORL,BRK
472,2024-12-29,TOR,ATL
473,2024-12-30,CHO,CHI
474,2024-12-30,GSW,CLE
475,2024-12-30,NOP,LAC
476,2024-12-30,POR,PHI
477,2024-12-30,SAC,DAL
478,2024-12-30,UTA,DEN
479,2024-12-30,WAS,NYK
480,2024-12-31,BOS,TOR
481,2024-12-31,IND,MIL
482,2024-12-31,LAL,CLE
483,2024-12-31,OKC,MIN
484,2024-12-31,PHO,MEM
485,2024-12-31,SAS,LAC
486,2025-01-01,DEN,ATL
487,2025-01-01,DET,ORL
488,2025-01-01,HOU,DAL
489,2025-01-01,MIA,NOP
490,2025-01-01,NYK,UTA
491,2025-01-01,SAC,PHI
492,2025-01-01,TOR,BRK
493,2025-01-01,WAS,CHI
494,2025-01-02,GSW,PHI
495,2025-01-02,LAL,POR
496,2025-01-02,MIA,IND
497,2025-01-02,MIL,BRK
498,2025-01-02,MIN,BOS
499,2025-01-02,OKC,LAC
500,2025-01-03,DAL,CLE
501,2025-01-03,DEN,SAS
502,2025-01-03,DET,CHO
503,2025-01-03,HOU,BOS
504,2025-01-03,LAL,ATL
505,2025-01-03,NOP,WAS
506,2025-01-03,OKC,NYK
507,2025-01-03,SAC,MEM
508,2025-01-03,TOR,ORL
509,2025-01-04,BRK,PHI
510,2025-01-04,CHI,NYK
511,2025-01-04,DET,MIN
512,2025-01-04,GSW,MEM
513,2025-01-04,IND,PHO
514,2025-01-04,LAC,ATL
515,2025-01-04,MIA,UTA
516,2025-01-04,MIL,POR
517,2025-01-04,SAS,DEN
518,2025-01-05,CLE,CHO
519,2025-01-05,GSW,SAC
520,2025-01-05,HOU,LAL
521,2025-01-05,OKC,BOS
522,2025-01-05,ORL,UTA
523,2025-01-05,WAS,NOP
524,2025-01-06,BRK,IND
525,2025-01-06,CHI,SAS
526,2025-01-06,DET,POR
527,2025-01-06,MEM,DAL
528,2025-01-06,MIN,LAC
529,2025-01-06,NYK,ORL
530,2025-01-06,PHI,PHO
531,2025-01-06,SAC,MIA
532,2025-01-06,TOR,MIL
533,2025-01-07,CHO,PHO
534,2025-01-07,DAL,LAL
535,2025-01-07,DEN,BOS
536,2025-01-07,GSW,MIA
537,2025-01-07,NOP,MIN
538,2025-01-07,UTA,ATL
539,2025-01-07,WAS,HOU
540,2025-01-08,BRK,DET
541,2025-01-08,CLE,OKC
542,2025-01-08,DEN,LAC
543,2025-01-08,IND,CHI
544,2025-01-08,MIL,SAS
545,2025-01-08,NOP,POR
546,2025-01-08,NYK,TOR
547,2025-01-08,PHI,WAS
548,2025-01-09,CLE,TOR
549,2025-01-09,DAL,POR
550,2025-01-09,DET,GSW
551,2025-01-09,MEM,HOU
552,2025-01-09,ORL,MIN
553,2025-01-09,PHO,ATL
554,2025-01-09,UTA,MIA
555,2025-01-10,BOS,SAC
556,2025-01-10,CHI,WAS
557,2025-01-10,DEN,BRK
558,2025-01-10,IND,GSW
559,2025-01-10,NYK,OKC
560,2025-01-10,ORL,MIL
561,2025-01-10,PHI,NOP
562,2025-01-11,DET,TOR
563,2025-01-11,MIN,MEM
564,2025-01-11,PHO,UTA
565,2025-01-11,POR,MIA
566,2025-01-12,BOS,NOP
567,2025-01-12,CHI,SAC
568,2025-01-12,CLE,IND
569,2025-01-12,DAL,DEN
570,2025-01-12,NYK,MIL
571,2025-01-12,ORL,PHI
572,2025-01-12,PHO,CHO
573,2025-01-12,UTA,BRK
574,2025-01-12,WAS,OKC
575,2025-01-13,HOU,MEM
576,2025-01-13,LAC,MIA
577,2025-01-13,LAL,SAS
578,2025-01-13,NYK,DET
579,2025-01-13,TOR,GSW
580,2025-01-13,WAS,MIN
581,2025-01-14,ATL,PHO
582,2025-01-14,CHI,NOP
583,2025-01-14,DAL,DEN
584,2025-01-14,IND,CLE
585,2025-01-14,MIL,SAC
586,2025-01-14,PHI,OKC
587,2025-01-14,POR,BRK
588,2025-01-15,CHI,ATL
589,2025-01-15,DEN,HOU
590,2025-01-15,LAC,BRK
591,2025-01-15,LAL,MIA
592,2025-01-15,MIL,ORL
593,2025-01-15,MIN,GSW
594,2025-01-15,NOP,DAL
595,2025-01-15,PHI,NYK
596,2025-01-15,SAS,MEM
597,2025-01-15,TOR,BOS
598,2025-01-15,UTA,CHO
599,2025-01-16,DET,IND
600,2025-01-16,OKC,CLE
601,2025-01-16,POR,LAC
602,2025-01-16,SAC,HOU
603,2025-01-16,WAS,PHO
604,2025-01-17,BOS,ORL
605,2025-01-17,CHI,CHO
606,2025-01-17,DAL,OKC
607,2025-01-17,LAL,BRK
608,2025-01-17,MIA,DEN
609,2025-01-17,MIL,TOR
610,2025-01-17,NOP,UTA
611,2025-01-17,NYK,MIN
612,2025-01-17,SAS,MEM
613,2025-01-18,BOS,ATL
614,2025-01-18,DET,PHO
615,2025-01-18,GSW,WAS
616,2025-01-18,IND,PHI
617,2025-01-18,MIN,CLE
618,2025-01-18,POR,HOU
619,2025-01-19,LAC,LAL
620,2025-01-19,MIA,SAS
621,2025-01-19,MIL,PHI
622,2025-01-19,OKC,BRK
623,2025-01-19,ORL,DEN
624,2025-01-19,POR,CHI
625,2025-01-19,SAC,WAS
626,2025-01-20,CHO,DAL
627,2025-01-20,CLE,PHO
628,2025-01-20,GSW,BOS
629,2025-01-20,HOU,DET
630,2025-01-20,LAC,CHI
631,2025-01-20,MEM,MIN
632,2025-01-20,NOP,UTA
633,2025-01-20,NYK,ATL
634,2025-01-21,BRK,NYK
635,2025-01-21,DEN,PHI
636,2025-01-21,LAL,WAS
637,2025-01-21,MIA,POR
638,2025-01-21,TOR,ORL
639,2025-01-22,ATL,DET
640,2025-01-22,BRK,PHO
641,2025-01-22,DAL,MIN
642,2025-01-22,HOU,CLE
643,2025-01-22,LAC,BOS
644,2025-01-22,MEM,CHO
645,2025-01-22,OKC,UTA
646,2025-01-22,SAC,GSW
647,2025-01-23,ATL,TOR
648,2025-01-23,DEN,SAC
649,2025-01-23,GSW,CHI
650,2025-01-23,IND,SAS
651,2025-01-23,LAC,WAS
652,2025-01-23,LAL,BOS
653,2025-01-23,MIL,MIA
654,2025-01-23,OKC,DAL
655,2025-01-23,ORL,POR
656,2025-01-24,CHO,POR
657,2025-01-24,MEM,NOP
658,2025-01-24,PHI,CLE
659,2025-01-25,ATL,TOR
660,2025-01-25,BRK,MIA
661,2025-01-25,CHI,PHI
662,2025-01-25,CHO,NOP
663,2025-01-25,CLE,HOU
664,2025-01-25,DAL,BOS
665,2025-01-25,GSW,LAL
666,2025-01-25,LAC,MIL
667,2025-01-25,MEM,UTA
668,2025-01-25,MIN,DEN
669,2025-01-25,NYK,SAC
670,2025-01-25,ORL,DET
671,2025-01-25,PHO,WAS
672,2025-01-25,SAS,IND
673,2025-01-26,POR,OKC
674,2025-01-27,BOS,HOU
675,2025-01-27,BRK,SAC
676,2025-01-27,CHI,DEN
677,2025-01-27,CHO,LAL
678,2025-01-27,CLE,DET
679,2025-01-27,DAL,WAS
680,2025-01-27,MIA,ORL
681,2025-01-27,MIN,ATL
682,2025-01-27,NYK,MEM
683,2025-01-27,PHO,LAC
684,2025-01-27,TOR,NOP
685,2025-01-27,UTA,MIL
686,2025-01-28,ATL,HOU
687,2025-01-28,GSW,UTA
688,2025-01-28,PHI,LAL
689,2025-01-28,POR,MIL
690,2025-01-29,BOS,CHI
691,2025-01-29,CHO,BRK
692,2025-01-29,GSW,OKC
693,2025-01-29,IND,DET
694,2025-01-29,MIA,CLE
695,2025-01-29,NOP,DAL
696,2025-01-29,NYK,DEN
697,2025-01-29,PHI,SAC
698,2025-01-29,PHO,MIN
699,2025-01-29,SAS,LAC
700,2025-01-29,WAS,TOR
701,2025-01-30,CLE,ATL
702,2025-01-30,MEM,HOU
703,2025-01-30,POR,ORL
704,2025-01-30,UTA,MIN
705,2025-01-30,WAS,LAL
706,2025-01-31,CHO,LAC
707,2025-01-31,DET,DAL
708,2025-01-31,GSW,PHO
709,2025-01-31,NOP,BOS
710,2025-01-31,PHI,DEN
711,2025-01-31,SAS,MIL
712,2025-01-31,TOR,CHI
713,2025-02-01,CHO,DEN
714,2025-02-01,HOU,BRK
715,2025-02-01,IND,ATL
716,2025-02-01,MIN,WAS
717,2025-02-01,NYK,LAL
718,2025-02-01,OKC,SAC
719,2025-02-01,POR,PHO
720,2025-02-01,SAS,MIA
721,2025-02-01,UTA,ORL
722,2025-02-02,CLE,DAL
723,2025-02-02,DET,CHI
724,2025-02-02,MIL,MEM
725,2025-02-02,PHI,BOS
726,2025-02-02,TOR,LAC
727,2025-02-03,CHO,WAS
728,2025-02-03,DEN,NOP
729,2025-02-03,DET,ATL
730,2025-02-03,GSW,ORL
731,2025-02-03,MEM,SAS
732,2025-02-03,MIN,SAC
733,2025-02-03,NYK,HOU
734,2025-02-03,OKC,MIL
735,2025-02-03,POR,PHO
736,2025-02-03,UTA,IND
737,2025-02-04,BRK,HOU
738,2025-02-04,CHI,MIA
739,2025-02-04,CLE,BOS
740,2025-02-04,LAC,LAL
741,2025-02-04,PHI,DAL
742,2025-02-04,POR,IND
743,2025-02-04,TOR,NYK
744,2025-02-05,ATL,SAS
745,2025-02-05,BRK,WAS
746,2025-02-05,CHO,MIL
747,2025-02-05,DEN,NOP
748,2025-02-05,DET,CLE
749,2025-02-05,MIN,CHI
750,2025-02-05,OKC,PHO
751,2025-02-05,PHI,MIA
752,2025-02-05,SAC,ORL
753,2025-02-05,TOR,MEM
754,2025-02-05,UTA,GSW
755,2025-02-06,BOS,DAL
756,2025-02-06,DEN,ORL
757,2025-02-06,LAC,IND
758,2025-02-06,LAL,GSW
759,2025-02-06,MIN,HOU
760,2025-02-06,POR,SAC
761,2025-02-07,ATL,MIL
762,2025-02-07,BRK,MIA
763,2025-02-07,CHO,SAS
764,2025-02-07,DET,PHI
765,2025-02-07,OKC,TOR
766,2025-02-07,PHO,UTA
767,2025-02-07,WAS,CLE
768,2025-02-08,CHI,GSW
769,2025-02-08,DAL,HOU
770,2025-02-08,LAC,UTA
771,2025-02-08,LAL,IND
772,2025-02-08,MEM,OKC
773,2025-02-08,MIN,POR
774,2025-02-08,NYK,BOS
775,2025-02-08,ORL,SAS
776,2025-02-08,PHO,DEN
777,2025-02-08,SAC,NOP
778,2025-02-08,WAS,ATL
779,2025-02-09,DET,CHO
780,2025-02-09,HOU,TOR
781,2025-02-09,MIL,PHI
782,2025-02-10,BRK,CHO
783,2025-02-10,CLE,MIN
784,2025-02-10,DAL,SAC
785,2025-02-10,DEN,POR
786,2025-02-10,LAL,UTA
787,2025-02-10,MIA,BOS
788,2025-02-10,MIL,GSW
789,2025-02-10,OKC,NOP
790,2025-02-10,ORL,ATL
791,2025-02-10,WAS,SAS
792,2025-02-11,CHI,DET
793,2025-02-11,IND,NYK
794,2025-02-11,PHI,TOR
795,2025-02-11,PHO,MEM
796,2025-02-12,BOS,SAS
797,2025-02-12,BRK,PHI
798,2025-02-12,CHI,DET
799,2025-02-12,DAL,GSW
800,2025-02-12,DEN,POR
801,2025-02-12,HOU,PHO
802,2025-02-12,LAC,MEM
803,2025-02-12,MIN,MIL
804,2025-02-12,NOP,SAC
805,2025-02-12,NYK,ATL
806,2025-02-12,OKC,MIA
807,2025-02-12,ORL,CHO
808,2025-02-12,TOR,CLE
809,2025-02-12,UTA,LAL
810,2025-02-12,WAS,IND
811,2025-02-13,DAL,MIA
812,2025-02-13,HOU,GSW
813,2025-02-13,MIN,OKC
814,2025-02-13,NOP,SAC
815,2025-02-13,UTA,LAC
816,2025-02-19,LAL,CHO
817,2025-02-20,ATL,ORL
818,2025-02-20,BRK,CLE
819,2025-02-20,DEN,CHO
820,2025-02-20,IND,MEM
821,2025-02-20,MIL,LAC
822,2025-02-20,NYK,CHI
823,2025-02-20,PHI,BOS
824,2025-02-20,POR,LAL
825,2025-02-20,SAS,PHO
826,2025-02-21,CLE,NYK
827,2025-02-21,DAL,NOP
828,2025-02-21,HOU,MIN
829,2025-02-21,ORL,MEM
830,2025-02-21,SAC,GSW
831,2025-02-21,SAS,DET
832,2025-02-21,TOR,MIA
833,2025-02-21,UTA,OKC
834,2025-02-21,WAS,MIL
835,2025-02-22,CHI,PHO
836,2025-02-22,DEN,LAL
837,2025-02-22,PHI,BRK
838,2025-02-22,POR,CHO
839,2025-02-22,UTA,HOU
840,2025-02-23,ATL,DET
841,2025-02-23,BOS,NYK
842,2025-02-23,CLE,MEM
843,2025-02-23,GSW,DAL
844,2025-02-23,IND,LAC
845,2025-02-23,MIL,MIA
846,2025-02-23,MIN,OKC
847,2025-02-23,NOP,SAS
848,2025-02-23,ORL,WAS
849,2025-02-23,TOR,PHO
850,2025-02-24,ATL,MIA
851,2025-02-24,DET,LAC
852,2025-02-24,IND,DEN
853,2025-02-24,OKC,MIN
854,2025-02-24,PHI,CHI
855,2025-02-24,SAC,CHO
856,2025-02-24,UTA,POR
857,2025-02-24,WAS,BRK
858,2025-02-25,GSW,CHO
859,2025-02-25,HOU,MIL
860,2025-02-25,LAL,DAL
861,2025-02-25,MEM,PHO
862,2025-02-25,NOP,SAS
863,2025-02-25,ORL,CLE
864,2025-02-25,TOR,BOS
865,2025-02-26,BRK,OKC
866,2025-02-26,CHI,LAC
867,2025-02-26,DET,BOS
868,2025-02-26,HOU,SAS
869,2025-02-26,IND,TOR
870,2025-02-26,MIA,ATL
871,2025-02-26,NYK,PHI
872,2025-02-26,UTA,SAC
873,2025-02-26,WAS,POR
874,2025-02-27,DAL,CHO
875,2025-02-27,LAL,MIN
876,2025-02-27,MIL,DEN
877,2025-02-27,ORL,GSW
878,2025-02-27,PHO,NOP
879,2025-02-28,ATL,OKC
880,2025-02-28,BOS,CLE
881,2025-02-28,BRK,POR
882,2025-02-28,CHI,TOR
883,2025-02-28,DET,DEN
884,2025-02-28,LAL,LAC
885,2025-02-28,MEM,NYK
886,2025-02-28,MIA,IND
887,2025-02-28,PHO,NOP
888,2025-02-28,UTA,MIN
889,2025-03-01,CHO,WAS
890,2025-03-01,DAL,MIL
891,2025-03-01,DET,BRK
892,2025-03-01,HOU,SAC
893,2025-03-01,MEM,SAS
894,2025-03-01,PHI,GSW
895,2025-03-02,BOS,DEN
896,2025-03-02,CLE,POR
897,2025-03-02,IND,CHI
898,2025-03-02,LAL,LAC
899,2025-03-02,MIA,NYK
900,2025-03-02,ORL,TOR
901,2025-03-02,PHO,MIN
902,2025-03-02,SAS,OKC
903,2025-03-02,UTA,NOP
904,2025-03-03,CHO,GSW
905,2025-03-03,DAL,SAC
906,2025-03-03,MEM,ATL
907,2025-03-03,MIA,WAS
908,2025-03-03,OKC,HOU
909,2025-03-03,PHI,POR
910,2025-03-03,UTA,DET
911,2025-03-04,ATL,MIL
912,2025-03-04,CHI,CLE
913,2025-03-04,IND,HOU
914,2025-03-04,LAL,NOP
915,2025-03-04,MIN,PHI
916,2025-03-04,NYK,GSW
917,2025-03-04,ORL,TOR
918,2025-03-04,PHO,LAC
919,2025-03-04,SAS,BRK
920,2025-03-05,BOS,POR
921,2025-03-05,CHO,MIN
922,2025-03-05,CLE,MIA
923,2025-03-05,DEN,SAC
924,2025-03-05,LAC,DET
925,2025-03-05,MEM,OKC
926,2025-03-05,MIL,DAL
927,2025-03-05,WAS,UTA
928,2025-03-06,ATL,IND
929,2025-03-06,BOS,PHI
930,2025-03-06,BRK,GSW
931,2025-03-06,LAL,NYK
932,2025-03-06,NOP,HOU
933,2025-03-06,ORL,CHI
934,2025-03-07,CHO,CLE
935,2025-03-07,DAL,MEM
936,2025-03-07,DEN,PHO
937,2025-03-07,LAC,NYK
938,2025-03-07,MIA,MIN
939,2025-03-07,OKC,POR
940,2025-03-07,SAC,SAS
941,2025-03-07,TOR,UTA
942,2025-03-08,ATL,IND
943,2025-03-08,BOS,LAL
944,2025-03-08,CHO,BRK
945,2025-03-08,GSW,DET
946,2025-03-08,HOU,NOP
947,2025-03-08,MIA,CHI
948,2025-03-08,MIL,ORL
949,2025-03-08,TOR,WAS
950,2025-03-09,DAL,PHO
951,2025-03-09,LAC,SAC
952,2025-03-09,MIL,CLE
953,2025-03-09,MIN,SAS
954,2025-03-09,NOP,MEM
955,2025-03-09,OKC,DEN
956,2025-03-09,PHI,UTA
957,2025-03-09,POR,DET
958,2025-03-10,ATL,PHI
959,2025-03-10,BOS,UTA
960,2025-03-10,BRK,LAL
961,2025-03-10,CHI,IND
962,2025-03-10,GSW,POR
963,2025-03-10,HOU,ORL
964,2025-03-10,MEM,PHO
965,2025-03-10,MIA,CHO
966,2025-03-10,OKC,DEN
967,2025-03-10,SAC,NYK
968,2025-03-10,SAS,DAL
969,2025-03-10,TOR,WAS
970,2025-03-11,CLE,BRK
971,2025-03-11,DET,WAS
972,2025-03-11,IND,MIL
973,2025-03-11,NOP,LAC
974,2025-03-12,ATL,CHO
975,2025-03-12,BOS,OKC
976,2025-03-12,DEN,MIN
977,2025-03-12,HOU,PHO
978,2025-03-12,MEM,UTA
979,2025-03-12,MIA,LAC
980,2025-03-12,POR,NYK
981,2025-03-12,SAS,DAL
982,2025-03-12,TOR,PHI
983,2025-03-13,CHI,BRK
984,2025-03-13,DET,WAS
985,2025-03-13,GSW,SAC
986,2025-03-13,MIL,LAL
987,2025-03-13,NOP,ORL
988,2025-03-14,ATL,LAC
989,2025-03-14,DEN,LAL
990,2025-03-14,HOU,DAL
991,2025-03-14,MEM,CLE
992,2025-03-14,MIA,BOS
993,2025-03-14,MIN,ORL
994,2025-03-14,PHI,IND
995,2025-03-14,PHO,SAC
996,2025-03-14,SAS,CHO
997,2025-03-14,UTA,TOR
998,2025-03-15,BRK,BOS
999,2025-03-15,DEN,WAS
1000,2025-03-15,DET,OKC
1001,2025-03-15,GSW,NYK
1002,2025-03-15,HOU,CHI
1003,2025-03-15,MEM,MIA
1004,2025-03-15,MIL,IND
1005,2025-03-15,SAS,NOP
1006,2025-03-16,BRK,ATL
1007,2025-03-16,CLE,ORL
1008,2025-03-16,DAL,PHI
1009,2025-03-16,LAC,CHO
1010,2025-03-16,LAL,PHO
1011,2025-03-16,MIL,OKC
1012,2025-03-16,MIN,UTA
1013,2025-03-16,POR,TOR
1014,2025-03-17,GSW,DEN
1015,2025-03-17,HOU,PHI
1016,2025-03-17,LAL,SAS
1017,2025-03-17,MIN,IND
1018,2025-03-17,NOP,DET
1019,2025-03-17,NYK,MIA
1020,2025-03-17,PHO,TOR
1021,2025-03-17,POR,WAS
1022,2025-03-17,SAC,MEM
1023,2025-03-17,UTA,CHI
1024,2025-03-18,BOS,BRK
1025,2025-03-18,CHO,ATL
1026,2025-03-18,GSW,MIL
1027,2025-03-18,LAC,CLE
1028,2025-03-19,IND,DAL
1029,2025-03-19,LAL,DEN
1030,2025-03-19,MIA,DET
1031,2025-03-19,MIN,NOP
1032,2025-03-19,OKC,PHI
1033,2025-03-19,ORL,HOU
1034,2025-03-19,PHO,CHI
1035,2025-03-19,POR,MEM
1036,2025-03-19,SAC,CLE
1037,2025-03-19,SAS,NYK
1038,2025-03-19,UTA,WAS
1039,2025-03-20,CHO,NYK
1040,2025-03-20,GSW,TOR
1041,2025-03-20,IND,BRK
1042,2025-03-20,LAL,MIL
1043,2025-03-20,SAC,CHI
1044,2025-03-21,DAL,DET
1045,2025-03-21,LAC,MEM
1046,2025-03-21,MIA,HOU
1047,2025-03-21,MIN,NOP
1048,2025-03-21,OKC,CHO
1049,2025-03-21,PHO,CLE
1050,2025-03-21,POR,DEN
1051,2025-03-21,SAS,PHI
1052,2025-03-21,UTA,BOS
1053,2025-03-21,WAS,ORL
1054,2025-03-22,ATL,GSW
1055,2025-03-22,IND,BRK
1056,2025-03-22,LAL,CHI
1057,2025-03-22,NYK,WAS
1058,2025-03-22,SAC,MIL
1059,2025-03-23,ATL,PHI
1060,2025-03-23,DET,NOP
1061,2025-03-23,HOU,DEN
1062,2025-03-23,LAC,OKC
1063,2025-03-23,MIA,CHO
1064,2025-03-23,POR,BOS
1065,2025-03-23,TOR,SAS
1066,2025-03-23,UTA,CLE
1067,2025-03-24,BRK,DAL
1068,2025-03-24,DEN,CHI
1069,2025-03-24,IND,MIN
1070,2025-03-24,NOP,PHI
1071,2025-03-24,ORL,LAL
1072,2025-03-24,PHO,MIL
1073,2025-03-24,SAC,BOS
1074,2025-03-24,WAS,TOR
1075,2025-03-25,CHO,ORL
1076,2025-03-25,DET,SAS
1077,2025-03-25,HOU,ATL
1078,2025-03-25,MIA,GSW
1079,2025-03-25,NYK,DAL
1080,2025-03-25,POR,CLE
1081,2025-03-25,SAC,OKC
1082,2025-03-25,UTA,MEM
1083,2025-03-26,BRK,TOR
1084,2025-03-26,DEN,MIL
1085,2025-03-26,IND,LAL
1086,2025-03-26,NYK,LAC
1087,2025-03-26,PHI,WAS
1088,2025-03-26,PHO,BOS
1089,2025-03-27,CHI,LAL
1090,2025-03-27,CLE,SAS
1091,2025-03-27,MIA,ATL
1092,2025-03-27,OKC,MEM
1093,2025-03-27,ORL,DAL
1094,2025-03-27,SAC,POR
1095,2025-03-27,UTA,HOU
1096,2025-03-27,WAS,IND
1097,2025-03-28,BRK,LAC
1098,2025-03-28,DEN,UTA
1099,2025-03-28,DET,CLE
1100,2025-03-28,MIL,NYK
1101,2025-03-28,MIN,PHO
1102,2025-03-28,NOP,GSW
1103,2025-03-28,TOR,CHO
1104,2025-03-29,CHI,DAL
1105,2025-03-29,MEM,LAL
1106,2025-03-29,OKC,IND
1107,2025-03-29,ORL,SAC
1108,2025-03-29,PHI,MIA
1109,2025-03-29,SAS,BOS
1110,2025-03-29,WAS,BRK
1111,2025-03-30,CLE,LAC
1112,2025-03-30,MIL,ATL
1113,2025-03-30,MIN,DET
1114,2025-03-30,NOP,CHO
1115,2025-03-30,NYK,POR
1116,2025-03-30,PHI,TOR
1117,2025-03-30,PHO,HOU
1118,2025-03-30,SAS,GSW
1119,2025-03-31,CHO,UTA
1120,2025-03-31,DAL,BRK
1121,2025-03-31,IND,SAC
1122,2025-03-31,LAL,HOU
1123,2025-03-31,MEM,BOS
1124,2025-03-31,OKC,CHI
1125,2025-03-31,ORL,LAC
1126,2025-03-31,WAS,MIA
1127,2025-04-01,ATL,POR
1128,2025-04-01,CHI,TOR
1129,2025-04-01,DEN,MIN
1130,2025-04-01,MEM,GSW
1131,2025-04-01,MIL,PHO
1132,2025-04-01,NYK,PHI
1133,2025-04-01,SAS,ORL
1134,2025-04-02,BOS,MIA
1135,2025-04-02,CLE,NYK
1136,2025-04-02,DAL,ATL
1137,2025-04-02,DEN,SAS
1138,2025-04-02,HOU,UTA
1139,2025-04-02,IND,CHO
1140,2025-04-02,LAC,NOP
1141,2025-04-02,OKC,DET
1142,2025-04-02,WAS,SAC
1143,2025-04-03,BRK,MIN
1144,2025-04-03,LAL,GSW
1145,2025-04-03,MIA,MEM
1146,2025-04-03,PHI,MIL
1147,2025-04-03,TOR,POR
1148,2025-04-03,WAS,ORL
1149,2025-04-04,BOS,PHO
1150,2025-04-04,CHI,POR
1151,2025-04-04,CHO,SAC
1152,2025-04-04,GSW,DEN
1153,2025-04-04,HOU,OKC
1154,2025-04-04,IND,UTA
1155,2025-04-04,LAC,DAL
1156,2025-04-04,LAL,NOP
1157,2025-04-04,SAS,CLE
1158,2025-04-04,TOR,DET
1159,2025-04-05,ATL,NYK
1160,2025-04-05,DET,MEM
1161,2025-04-05,LAC,DAL
1162,2025-04-05,MIA,MIL
1163,2025-04-05,PHI,MIN
1164,2025-04-06,ATL,UTA
1165,2025-04-06,BOS,WAS
1166,2025-04-06,BRK,TOR
1167,2025-04-06,CHO,CHI
1168,2025-04-06,CLE,SAC
1169,2025-04-06,DEN,IND
1170,2025-04-06,GSW,HOU
1171,2025-04-06,NOP,MIL
1172,2025-04-06,NYK,PHO
1173,2025-04-06,OKC,LAL
1174,2025-04-06,POR,SAS
1175,2025-04-07,DET,SAC
1176,2025-04-07,MIA,PHI
1177,2025-04-08,BRK,NOP
1178,2025-04-08,CHO,MEM
1179,2025-04-08,CLE,CHI
1180,2025-04-08,IND,WAS
1181,2025-04-08,LAC,SAS
1182,2025-04-08,MIL,MIN
1183,2025-04-08,NYK,BOS
1184,2025-04-08,OKC,LAL
1185,2025-04-08,ORL,ATL
1186,2025-04-08,PHO,GSW
1187,2025-04-09,CHI,MIA
1188,2025-04-09,DAL,LAL
1189,2025-04-09,GSW,SAS
1190,2025-04-09,LAC,HOU
1191,2025-04-09,ORL,BOS
1192,2025-04-09,PHO,OKC
1193,2025-04-09,SAC,DEN
1194,2025-04-09,TOR,CHO
1195,2025-04-09,UTA,POR
1196,2025-04-09,WAS,PHI
1197,2025-04-10,BRK,ATL
1198,2025-04-10,DET,NYK
1199,2025-04-10,IND,CLE
1200,2025-04-10,MEM,MIN
1201,2025-04-10,MIL,NOP
1202,2025-04-11,BOS,CHO
1203,2025-04-11,CHI,WAS
1204,2025-04-11,DAL,TOR
1205,2025-04-11,DEN,MEM
1206,2025-04-11,DET,MIL
1207,2025-04-11,IND,ORL
1208,2025-04-11,LAL,HOU
1209,2025-04-11,MIN,BRK
1210,2025-04-11,NOP,MIA
1211,2025-04-11,NYK,CLE
1212,2025-04-11,PHI,ATL
1213,2025-04-11,PHO,SAS
1214,2025-04-11,POR,GSW
1215,2025-04-11,SAC,LAC
1216,2025-04-11,UTA,OKC
1217,2025-04-13,ATL,ORL
1218,2025-04-13,BOS,CHO
1219,2025-04-13,BRK,NYK
1220,2025-04-13,CLE,IND
1221,2025-04-13,GSW,LAC
1222,2025-04-13,HOU,DEN
1223,2025-04-13,MEM,DAL
1224,2025-04-13,MIA,WAS
1225,2025-04-13,MIL,DET
1226,2025-04-13,MIN,UTA
1227,2025-04-13,NOP,OKC
1228,2025-04-13,PHI,CHI
1229,2025-04-13,POR,LAL
1230,2025-04-13,SAC,PHO
1231,2025-04-13,SAS,TOR
1232,2025-04-15,GSW,MEM
1233,2025-04-15,ORL,ATL
1234,2025-04-16,CHI,MIA
1235,2025-04-16,SAC,DAL
1236,2025-04-18,ATL,MIA
1237,2025-04-18,MEM,DAL
1238,2025-04-19,DEN,LAC
1239,2025-04-19,IND,MIL
1240,2025-04-19,LAL,MIN
1241,2025-04-19,NYK,DET
1242,2025-04-20,BOS,ORL
1243,2025-04-20,CLE,MIA
1244,2025-04-20,HOU,GSW
1245,2025-04-20,OKC,MEM
1246,2025-04-21,DEN,LAC
1247,2025-04-21,NYK,DET
1248,2025-04-22,IND,MIL
1249,2025-04-22,LAL,MIN
1250,2025-04-22,OKC,MEM
1251,2025-04-23,BOS,ORL
1252,2025-04-23,CLE,MIA
1253,2025-04-23,HOU,GSW
1254,2025-04-24,DET,NYK
1255,2025-04-24,LAC,DEN
1256,2025-04-24,MEM,OKC
1257,2025-04-25,MIL,IND
1258,2025-04-25,MIN,LAL
1259,2025-04-25,ORL,BOS
1260,2025-04-26,GSW,HOU
1261,2025-04-26,LAC,DEN
1262,2025-04-26,MEM,OKC
1263,2025-04-26,MIA,CLE
1264,2025-04-27,DET,NYK
1265,2025-04-27,MIL,IND
1266,2025-04-27,MIN,LAL
1267,2025-04-27,ORL,BOS
1268,2025-04-28,GSW,HOU
1269,2025-04-28,MIA,CLE
1270,2025-04-29,BOS,ORL
1271,2025-04-29,DEN,LAC
1272,2025-04-29,IND,MIL
1273,2025-04-29,NYK,DET
1274,2025-04-30,HOU,GSW
1275,2025-04-30,LAL,MIN
1276,2025-05-01,DET,NYK
1277,2025-05-01,LAC,DEN
1278,2025-05-02,GSW,HOU
1279,2025-05-03,DEN,LAC
1280,2025-05-04,CLE,IND
1281,2025-05-04,HOU,GSW
1282,2025-05-05,BOS,NYK
1283,2025-05-05,OKC,DEN
1284,2025-05-06,CLE,IND
1285,2025-05-06,MIN,GSW
1286,2025-05-07,BOS,NYK
1287,2025-05-07,OKC,DEN
1288,2025-05-08,MIN,GSW
1289,2025-05-09,DEN,OKC
1290,2025-05-09,IND,CLE
1291,2025-05-10,GSW,MIN
1292,2025-05-10,NYK,BOS
1293,2025-05-11,DEN,OKC
1294,2025-05-11,IND,CLE
1295,2025-05-12,GSW,MIN
1296,2025-05-12,NYK,BOS
1297,2025-05-13,CLE,IND
1298,2025-05-13,OKC,DEN
1299,2025-05-14,BOS,NYK
1300,2025-05-14,MIN,GSW
1301,2025-05-15,DEN,OKC
1302,2025-05-16,NYK,BOS
1303,2025-05-18,OKC,DEN
1304,2025-05-20,OKC,MIN
1305,2025-05-21,NYK,IND
1306,2025-05-22,OKC,MIN
1307,2025-05-23,NYK,IND
1308,2025-05-24,MIN,OKC
1309,2025-05-25,IND,NYK
1310,2025-05-26,MIN,OKC
1311,2025-05-27,IND,NYK
1312,2025-05-28,OKC,MIN
1313,2025-05-29,NYK,IND
1314,2025-05-31,IND,NYK
1315,2025-06-05,OKC,IND
1316,2025-06-08,OKC,IND
1317,2025-06-11,IND,OKC
1318,2025-06-13,IND,OKC
1319,2025-06-16,OKC,IND
1320,2025-06-19,IND,OKC
1321,2025-06-22,OKC,IND
