player_id,player_name
1,A.J. Green
2,A.J. Lawson
3,AJ Johnson
4,Aaron Gordon
5,Aaron Holiday
6,Aaron Nesmith
7,Aaron Wiggins
8,Adam Flagler
9,Adama Sanogo
10,Adem Bona
11,Ajay Mitchell
12,Al Horford
13,Alec Burks
14,Alex Caruso
15,Alex Ducas
16,Alex Len
17,Alex Reese
18,Alex Sarr
19,Alondes Williams
20,Alperen Şengün
21,Amen Thompson
22,Amir Coffey
23,Andre Drummond
24,Andre Jackson Jr.
25,Andrew Nembhard
26,Andrew Wiggins
27,Anfernee Simons
28,Anthony Black
29,Anthony Davis
30,Anthony Edwards
31,Anthony Gill
32,Anton Watson
33,Antonio Reeves
34,Ariel Hukporti
35,Armel Traoré
36,Ausar Thompson
37,Austin Reaves
38,Ayo Dosunmu
39,Bam Adebayo
40,Baylor Scheierman
41,Ben Sheppard
42,Ben Simmons
43,Bennedict Mathurin
44,Bilal Coulibaly
45,Bismack Biyombo
46,Blake Wesley
47,Bobby Portis
48,Bobi Klintman
49,Bogdan Bogdanović
50,Bol Bol
51,Bones Hyland
52,Bradley Beal
53,Branden Carlson
54,Brandin Podziemski
55,Brandon Boston Jr.
56,Brandon Clarke
57,Brandon Ingram
58,Brandon Miller
59,Brandon Williams
60,Braxton Key
61,Brice Sensabaugh
62,Bronny James
63,Brook Lopez
64,Bruce Brown
65,Bruno Fernando
66,Bryce McGowens
67,Bub Carrington
68,Buddy Hield
69,CJ McCollum
70,Cade Cunningham
71,Caleb Houstan
72,Caleb Martin
73,Cam Christie
74,Cam Reddish
75,Cam Spencer
76,Cam Thomas
77,Cam Whitmore
78,Cameron Johnson
79,Cameron Payne
80,Caris LeVert
81,Cason Wallace
82,Charles Bassey
83,Chet Holmgren
84,Chris Boucher
85,Chris Duarte
86,Chris Livingston
87,Chris Paul
88,Christian Braun
89,Christian Koloko
90,Chuma Okeke
91,Clint Capela
92,Coby White
93,Cody Martin
94,Cody Williams
95,Colby Jones
96,Cole Anthony
97,Cole Swider
98,Colin Castleton
99,Collin Gillespie
100,Collin Sexton
101,Corey Kispert
102,Cory Joseph
103,Craig Porter Jr.
104,Cui Yongxi
105,D'Angelo Russell
106,D.J. Carton
107,DaQuan Jeffries
108,Daeqwon Plowden
109,Daishen Nix
110,Dalano Banton
111,Dalen Terry
112,Dalton Knecht
113,Damian Lillard
114,Damion Baugh
115,Damion Lee
116,Daniel Gafford
117,Daniel Theis
118,Daniss Jenkins
119,Danté Exum
120,Dario Šarić
121,Dariq Whitehead
122,Darius Garland
123,David Duke Jr.
124,David Roddy
125,Davion Mitchell
126,Day'Ron Sharpe
127,De'Aaron Fox
128,De'Andre Hunter
129,De'Anthony Melton
130,DeAndre Jordan
131,DeMar DeRozan
132,Dean Wade
133,Deandre Ayton
134,Dejounte Murray
135,Delon Wright
136,Deni Avdija
137,Dennis Schröder
138,Dereck Lively II
139,Derrick Jones Jr.
140,Derrick White
141,Desmond Bane
142,Devin Booker
143,Devin Carter
144,Devin Vassell
145,Dillon Brooks
146,Dillon Jones
147,Domantas Sabonis
148,Dominick Barlow
149,Donovan Clingan
150,Donovan Mitchell
151,Donte DiVincenzo
152,Dorian Finney-Smith
153,Doug McDermott
154,Draymond Green
155,Drew Eubanks
156,Drew Peterson
157,Drew Timme
158,Dru Smith
159,Duncan Robinson
160,Duop Reath
161,Dwight Powell
162,Dyson Daniels
163,E.J. Liddell
164,Elfrid Payton
165,Elijah Harkless
166,Emanuel Miller
167,Emoni Bates
168,Enrique Freeman
169,Eric Gordon
170,Evan Mobley
171,Franz Wagner
172,Fred VanVleet
173,GG Jackson II
174,Gabe Vincent
175,Garrett Temple
176,Garrison Mathews
177,Gary Harris
178,Gary Payton II
179,Gary Trent Jr.
180,Georges Niang
181,Giannis Antetokounmpo
182,Goga Bitadze
183,Gradey Dick
184,Grant Williams
185,Grayson Allen
186,Guerschon Yabusele
187,Gui Santos
188,Harrison Barnes
189,Harrison Ingram
190,Haywood Highsmith
191,Herbert Jones
192,Hunter Tyson
193,Immanuel Quickley
194,Isaac Jones
195,Isaac Okoro
196,Isaiah Collier
197,Isaiah Crawford
198,Isaiah Hartenstein
199,Isaiah Jackson
200,Isaiah Joe
201,Isaiah Mobley
202,Isaiah Stevens
203,Isaiah Stewart
204,Isaiah Wong
205,Ivica Zubac
206,JD Davison
207,JT Thor
208,Ja Morant
209,Ja'Kobe Walter
210,Jabari Smith Jr.
211,Jabari Walker
212,Jack McVeigh
213,Jackson Rowe
214,Jacob Toppin
215,Jaden Hardy
216,Jaden Ivey
217,Jaden McDaniels
218,Jaden Springer
219,Jae Crowder
220,Jae'Sean Tate
221,Jahlil Okafor
222,Jahmir Young
223,Jaime Jaquez Jr.
224,Jake LaRavia
225,Jakob Poeltl
226,Jalen Bridges
227,Jalen Brunson
228,Jalen Duren
229,Jalen Green
230,Jalen Hood-Schifino
231,Jalen Johnson
232,Jalen McDaniels
233,Jalen Pickett
234,Jalen Smith
235,Jalen Suggs
236,Jalen Williams
237,Jalen Wilson
238,Jamal Cain
239,Jamal Murray
240,Jamal Shead
241,Jamaree Bouyea
242,James Harden
243,James Johnson
244,James Wiseman
245,Jamison Battle
246,Jarace Walker
247,Jared Butler
248,Jared McCain
249,Jared Rhoden
250,Jaren Jackson Jr.
251,Jarred Vanderbilt
252,Jarrett Allen
253,Javonte Green
254,Jaxson Hayes
255,Jay Huff
256,Jaylen Brown
257,Jaylen Clark
258,Jaylen Martin
259,Jaylen Nowell
260,Jaylen Sims
261,Jaylen Wells
262,Jaylin Williams
263,Jaylon Tyson
264,Jayson Tatum
265,Jazian Gortman
266,Jeff Dowtin Jr.
267,Jeff Green
268,Jerami Grant
269,Jeremiah Robinson-Earl
270,Jeremy Sochan
271,Jericho Sims
272,Jesse Edwards
273,Jett Howard
274,Jevon Carter
275,Jimmy Butler
276,Jock Landale
277,Joe Ingles
278,Joel Embiid
279,John Collins
280,John Konchar
281,Johnny Davis
282,Johnny Furphy
283,Johnny Juzang
284,Jonas Valančiūnas
285,Jonathan Isaac
286,Jonathan Kuminga
287,Jonathan Mogbo
288,Jordan Clarkson
289,Jordan Goodwin
290,Jordan Hawkins
291,Jordan McLaughlin
292,Jordan Miller
293,Jordan Poole
294,Jordan Walsh
295,Jose Alvarado
296,Josh Christopher
297,Josh Giddey
298,Josh Green
299,Josh Hart
300,Josh Minott
301,Josh Okogie
302,Josh Richardson
303,Jrue Holiday
304,Julian Champagnie
305,Julian Phillips
306,Julian Strawther
307,Julius Randle
308,Justin Champagnie
309,Justin Edwards
310,Justin Minaya
311,Jusuf Nurkić
312,KJ Martin
313,KJ Simpson
314,Kai Jones
315,Karl-Anthony Towns
316,Karlo Matković
317,Kawhi Leonard
318,Keaton Wallace
319,Keegan Murray
320,Keion Brooks Jr.
321,Kel'el Ware
322,Keldon Johnson
323,Kelly Olynyk
324,Kelly Oubre Jr.
325,Kenrich Williams
326,Kentavious Caldwell-Pope
327,Keon Ellis
328,Keon Johnson
329,Keshad Johnson
330,Kessler Edwards
331,Kevin Durant
332,Kevin Huerter
333,Kevin Knox
334,Kevin Love
335,Kevin McCullar Jr.
336,Kevin Porter Jr.
337,Kevon Looney
338,Keyonte George
339,Khris Middleton
340,Killian Hayes
341,Klay Thompson
342,Kobe Brown
343,Kobe Bufkin
344,Kris Dunn
345,Kris Murray
346,Kristaps Porziņģis
347,Kyle Anderson
348,Kyle Filipowski
349,Kyle Kuzma
350,Kyle Lowry
351,Kylor Kelley
352,Kyrie Irving
353,Kyshawn George
354,LaMelo Ball
355,Lamar Stevens
356,Landry Shamet
357,Larry Nance Jr.
358,Lauri Markkanen
359,LeBron James
360,Leonard Miller
361,Lester Quiñones
362,Liam Robbins
363,Lindy Waters III
364,Lonnie Walker IV
365,Lonzo Ball
366,Luguentz Dort
367,Luka Dončić
368,Luka Garza
369,Luke Kennard
370,Luke Kornet
371,Luke Travers
372,Mac McClung
373,Malachi Flynn
374,Malaki Branham
375,Malcolm Brogdon
376,Malevy Leons
377,Malik Beasley
378,Malik Monk
379,MarJon Beauchamp
380,Marcus Bagley
381,Marcus Garrett
382,Marcus Sasser
383,Marcus Smart
384,Mark Williams
385,Markelle Fultz
386,Markieff Morris
387,Marvin Bagley III
388,Mason Jones
389,Mason Plumlee
390,Matas Buzelis
391,Matisse Thybulle
392,Matt Ryan
393,Max Christie
394,Max Strus
395,Maxi Kleber
396,Maxwell Lewis
397,Micah Potter
398,Michael Porter Jr.
399,Mikal Bridges
400,Mike Conley
401,Miles Bridges
402,Miles McBride
403,Miles Norris
404,Mitchell Robinson
405,Mo Bamba
406,Monte Morris
407,Moritz Wagner
408,Moses Brown
409,Moses Moody
410,Mouhamed Gueye
411,Moussa Diabaté
412,Myles Turner
413,N'Faly Dante
414,Nae'Qwan Tomlin
415,Naji Marshall
416,Nate Williams
417,Naz Reid
418,Neemias Queta
419,Nic Claxton
420,Nick Richards
421,Nick Smith Jr.
422,Nickeil Alexander-Walker
423,Nicolas Batum
424,Nikola Jokić
425,Nikola Jović
426,Nikola Vučević
427,Noah Clowney
428,Norman Powell
429,OG Anunoby
430,Obi Toppin
431,Ochai Agbaji
432,Olivier-Maxence Prosper
433,Onyeka Okongwu
434,Orlando Robinson
435,Oscar Tshiebwe
436,Oshae Brissett
437,Oso Ighodaro
438,Ousmane Dieng
439,P.J. Tucker
440,P.J. Washington
441,PJ Dozier
442,PJ Hall
443,Pacôme Dadiet
444,Paolo Banchero
445,Pascal Siakam
446,Pat Connaughton
447,Pat Spencer
448,Patrick Baldwin Jr.
449,Patrick Williams
450,Patty Mills
451,Paul George
452,Paul Reed
453,Payton Pritchard
454,Pelle Larsson
455,Pete Nance
456,Peyton Watson
457,Phillip Wheeler
458,Precious Achiuwa
459,Quentin Grimes
460,Quenton Jackson
461,Quincy Olivari
462,Quinten Post
463,RJ Barrett
464,RayJ Dennis
465,Rayan Rupert
466,Reece Beekman
467,Reed Sheppard
468,Reggie Jackson
469,Richaun Holmes
470,Ricky Council IV
471,Riley Minix
472,Rob Dillingham
473,Robert Williams
474,Ron Harper Jr.
475,Ron Holland
476,Royce O'Neale
477,Rudy Gobert
478,Rui Hachimura
479,Russell Westbrook
480,Ryan Dunn
481,Ryan Rollins
482,Sam Hauser
483,Sam Merrill
484,Sandro Mamukelashvili
485,Santi Aldama
486,Scoot Henderson
487,Scottie Barnes
488,Scotty Pippen Jr.
489,Seth Curry
490,Shaedon Sharpe
491,Shai Gilgeous-Alexander
492,Shake Milton
493,Sidy Cissoko
494,Simone Fontecchio
495,Skal Labissière
496,Spencer Dinwiddie
497,Spencer Jones
498,Stanley Umude
499,Stephen Curry
500,Stephon Castle
501,Steven Adams
502,Svi Mykhailiuk
503,T.J. McConnell
504,Taj Gibson
505,Talen Horton-Tucker
506,Tari Eason
507,Taurean Prince
508,Taylor Hendricks
509,Taze Moore
510,Terance Mann
511,Terence Davis
512,Terrence Shannon Jr.
513,Terry Rozier
514,Terry Taylor
515,Thomas Bryant
516,Tidjane Salaün
517,Tim Hardaway Jr.
518,Tobias Harris
519,Tolu Smith
520,Tony Bradley
521,Torrey Craig
522,Tosan Evbuomwan
523,Toumani Camara
524,Trae Young
525,Trayce Jackson-Davis
526,Tre Jones
527,Tre Mann
528,Trendon Watford
529,Trentyn Flowers
530,Trevelin Queen
531,Trey Alexander
532,Trey Jemison
533,Trey Lyles
534,Trey Murphy III
535,Tristan Da Silva
536,Tristan Thompson
537,Tristan Vukcevic
538,Tristen Newton
539,Ty Jerome
540,TyTy Washington Jr.
541,Tyler Herro
542,Tyler Kolek
543,Tyler Smith
544,Tyrese Haliburton
545,Tyrese Martin
546,Tyrese Maxey
547,Tyson Etienne
548,Tyus Jones
549,Ulrich Chomche
550,Vasilije Micić
551,Victor Wembanyama
552,Vince Williams Jr.
553,Vlatko Čančar
554,Vít Krejčí
555,Walker Kessler
556,Wendell Carter Jr.
557,Wendell Moore Jr.
558,Xavier Tillman Sr.
559,Yuki Kawamura
560,Yuri Collins
561,Yves Missi
562,Zaccharie Risacher
563,Zach Collins
564,Zach Edey
565,Zach LaVine
566,Zeke Nnaji
567,Ziaire Williams
568,Zion Williamson
569,Zyon Pullin
